<?xml version = '1.0' encoding = 'utf-8'?>
<!--Generated by Oracle BI Publisher -Dataengine, datamodel:_k2595_BI_reports_KAVIN_DM_xdm -->
<DATA_DS><BUSINESS_UNIT/>
<G_1>
<CUSTOMER_TRX_ID>300000071652226</CUSTOMER_TRX_ID><CREATION_DATE>2014-03-17T19:23:34.810+00:00</CREATION_DATE><TRX_NUMBER>10111</TRX_NUMBER><INVOICE_CURRENCY_CODE>GBP</INVOICE_CURRENCY_CODE><ORG_ID>300000047498175</ORG_ID><LOCATION_ID>300000047597140</LOCATION_ID><NAME>UK Business Unit</NAME><CUST_ACCOUNT_ID>300000047461296</CUST_ACCOUNT_ID><ACCOUNT_NUMBER>80050</ACCOUNT_NUMBER><ACCOUNT_NAME>Orion Managed Services Ltd</ACCOUNT_NAME><C_CON>GB</C_CON><C_ADD>Unit 3, 25 Whitchurch Lane</C_ADD><C_CITY>Bristol</C_CITY><C_CODE>BS13 7RS</C_CODE><ADDRESS_LINE_1>190 Liverpool Road</ADDRESS_LINE_1><TOWN_OR_CITY>Manchester</TOWN_OR_CITY><POSTAL_CODE>M3 4FP</POSTAL_CODE><COUNTRY>GB</COUNTRY><CURR_DATE>23-06-2021</CURR_DATE>
</G_1>
<G_1>
<CUSTOMER_TRX_ID>58679</CUSTOMER_TRX_ID><CREATION_DATE>2014-06-20T18:11:18.000+00:00</CREATION_DATE><TRX_NUMBER>10658</TRX_NUMBER><INVOICE_CURRENCY_CODE>GBP</INVOICE_CURRENCY_CODE><ORG_ID>300000047498175</ORG_ID><LOCATION_ID>300000047597140</LOCATION_ID><NAME>UK Business Unit</NAME><CUST_ACCOUNT_ID>300000047394603</CUST_ACCOUNT_ID><ACCOUNT_NUMBER>10010</ACCOUNT_NUMBER><ACCOUNT_NAME>Conifer International</ACCOUNT_NAME><C_CON>US</C_CON><C_ADD>2744 NE 24TH ST</C_ADD><C_CITY>Newcastle</C_CITY><C_CODE>98056</C_CODE><ADDRESS_LINE_1>190 Liverpool Road</ADDRESS_LINE_1><TOWN_OR_CITY>Manchester</TOWN_OR_CITY><POSTAL_CODE>M3 4FP</POSTAL_CODE><COUNTRY>GB</COUNTRY><CURR_DATE>23-06-2021</CURR_DATE>
</G_1>
<G_1>
<CUSTOMER_TRX_ID>73944</CUSTOMER_TRX_ID><CREATION_DATE>2014-07-07T08:34:24.000+00:00</CREATION_DATE><TRX_NUMBER>1032179</TRX_NUMBER><INVOICE_CURRENCY_CODE>USD</INVOICE_CURRENCY_CODE><ORG_ID>300000047568131</ORG_ID><LOCATION_ID>300000047826167</LOCATION_ID><NAME>France Business Unit</NAME><CUST_ACCOUNT_ID>300000047368610</CUST_ACCOUNT_ID><ACCOUNT_NUMBER>16080</ACCOUNT_NUMBER><ACCOUNT_NAME>Business World</ACCOUNT_NAME><C_CON>US</C_CON><C_ADD>500 Oracle Pkwy.</C_ADD><C_CITY>Redwood City</C_CITY><C_CODE>94065</C_CODE><ADDRESS_LINE_1>33 Avenue du Maine</ADDRESS_LINE_1><TOWN_OR_CITY>Paris</TOWN_OR_CITY><POSTAL_CODE>75015</POSTAL_CODE><COUNTRY>FR</COUNTRY><CURR_DATE>23-06-2021</CURR_DATE>
</G_1>
<G_1>
<CUSTOMER_TRX_ID>73944</CUSTOMER_TRX_ID><CREATION_DATE>2014-07-07T08:34:24.000+00:00</CREATION_DATE><TRX_NUMBER>1032179</TRX_NUMBER><INVOICE_CURRENCY_CODE>USD</INVOICE_CURRENCY_CODE><ORG_ID>300000047568131</ORG_ID><LOCATION_ID>300000047826167</LOCATION_ID><NAME>France Business Unit</NAME><CUST_ACCOUNT_ID>300000047368610</CUST_ACCOUNT_ID><ACCOUNT_NUMBER>16080</ACCOUNT_NUMBER><ACCOUNT_NAME>Business World</ACCOUNT_NAME><ADDRESS_LINE_1>33 Avenue du Maine</ADDRESS_LINE_1><TOWN_OR_CITY>Paris</TOWN_OR_CITY><POSTAL_CODE>75015</POSTAL_CODE><COUNTRY>FR</COUNTRY><CURR_DATE>23-06-2021</CURR_DATE>
</G_1>
<G_1>
<CUSTOMER_TRX_ID>41760</CUSTOMER_TRX_ID><CREATION_DATE>2014-03-10T17:34:18.000+00:00</CREATION_DATE><TRX_NUMBER>1026826</TRX_NUMBER><INVOICE_CURRENCY_CODE>EUR</INVOICE_CURRENCY_CODE><ORG_ID>300000047568131</ORG_ID><LOCATION_ID>300000047826167</LOCATION_ID><NAME>France Business Unit</NAME><CUST_ACCOUNT_ID>300000047368646</CUST_ACCOUNT_ID><ACCOUNT_NUMBER>10060</ACCOUNT_NUMBER><ACCOUNT_NAME>Computer Service and Rentals</ACCOUNT_NAME><ADDRESS_LINE_1>33 Avenue du Maine</ADDRESS_LINE_1><TOWN_OR_CITY>Paris</TOWN_OR_CITY><POSTAL_CODE>75015</POSTAL_CODE><COUNTRY>FR</COUNTRY><CURR_DATE>23-06-2021</CURR_DATE>
</G_1>
<G_1>
<CUSTOMER_TRX_ID>41760</CUSTOMER_TRX_ID><CREATION_DATE>2014-03-10T17:34:18.000+00:00</CREATION_DATE><TRX_NUMBER>1026826</TRX_NUMBER><INVOICE_CURRENCY_CODE>EUR</INVOICE_CURRENCY_CODE><ORG_ID>300000047568131</ORG_ID><LOCATION_ID>300000047826167</LOCATION_ID><NAME>France Business Unit</NAME><CUST_ACCOUNT_ID>300000047368646</CUST_ACCOUNT_ID><ACCOUNT_NUMBER>10060</ACCOUNT_NUMBER><ACCOUNT_NAME>Computer Service and Rentals</ACCOUNT_NAME><C_CON>US</C_CON><C_ADD>301 E Summit Hill Dr</C_ADD><C_CITY>Knoxville</C_CITY><C_CODE>37915</C_CODE><ADDRESS_LINE_1>33 Avenue du Maine</ADDRESS_LINE_1><TOWN_OR_CITY>Paris</TOWN_OR_CITY><POSTAL_CODE>75015</POSTAL_CODE><COUNTRY>FR</COUNTRY><CURR_DATE>23-06-2021</CURR_DATE>
</G_1>
<G_1>
<CUSTOMER_TRX_ID>55890</CUSTOMER_TRX_ID><CREATION_DATE>2014-05-08T09:26:12.000+00:00</CREATION_DATE><TRX_NUMBER>1029064</TRX_NUMBER><INVOICE_CURRENCY_CODE>USD</INVOICE_CURRENCY_CODE><ORG_ID>300000046987012</ORG_ID><LOCATION_ID>300000047013170</LOCATION_ID><NAME>US1 Business Unit</NAME><CUST_ACCOUNT_ID>300000047394542</CUST_ACCOUNT_ID><ACCOUNT_NUMBER>10000</ACCOUNT_NUMBER><ACCOUNT_NAME>Owens &amp; Minor</ACCOUNT_NAME><C_CON>US</C_CON><C_ADD>4050 COX RD</C_ADD><C_CITY>Glen Allen</C_CITY><C_CODE>23060</C_CODE><ADDRESS_LINE_1>500 Oracle Parkway</ADDRESS_LINE_1><TOWN_OR_CITY>Redwood City</TOWN_OR_CITY><POSTAL_CODE>94065</POSTAL_CODE><COUNTRY>US</COUNTRY><CURR_DATE>23-06-2021</CURR_DATE>
</G_1>
<G_1>
<CUSTOMER_TRX_ID>55825</CUSTOMER_TRX_ID><CREATION_DATE>2014-05-08T09:26:12.000+00:00</CREATION_DATE><TRX_NUMBER>1029228</TRX_NUMBER><INVOICE_CURRENCY_CODE>USD</INVOICE_CURRENCY_CODE><ORG_ID>300000046987012</ORG_ID><LOCATION_ID>300000047013170</LOCATION_ID><NAME>US1 Business Unit</NAME><CUST_ACCOUNT_ID>300000047394542</CUST_ACCOUNT_ID><ACCOUNT_NUMBER>10000</ACCOUNT_NUMBER><ACCOUNT_NAME>Owens &amp; Minor</ACCOUNT_NAME><C_CON>US</C_CON><C_ADD>4050 COX RD</C_ADD><C_CITY>Glen Allen</C_CITY><C_CODE>23060</C_CODE><ADDRESS_LINE_1>500 Oracle Parkway</ADDRESS_LINE_1><TOWN_OR_CITY>Redwood City</TOWN_OR_CITY><POSTAL_CODE>94065</POSTAL_CODE><COUNTRY>US</COUNTRY><CURR_DATE>23-06-2021</CURR_DATE>
</G_1>
<G_1>
<CUSTOMER_TRX_ID>300000076330665</CUSTOMER_TRX_ID><CREATION_DATE>2014-07-09T19:41:47.716+00:00</CREATION_DATE><TRX_NUMBER>10243</TRX_NUMBER><INVOICE_CURRENCY_CODE>CNY</INVOICE_CURRENCY_CODE><ORG_ID>300000047826657</ORG_ID><LOCATION_ID>300000047902582</LOCATION_ID><NAME>China Business Unit</NAME><CUST_ACCOUNT_ID>300000047886154</CUST_ACCOUNT_ID><ACCOUNT_NUMBER>32590</ACCOUNT_NUMBER><ACCOUNT_NAME>Huangshi Electric Power Co, Ltd</ACCOUNT_NAME><C_CON>CN</C_CON><C_ADD>Huangshi International Plaza</C_ADD><C_CITY>Wuhan Shi</C_CITY><C_CODE>430014</C_CODE><ADDRESS_LINE_1>朝阳路8号</ADDRESS_LINE_1><TOWN_OR_CITY>朝阳区</TOWN_OR_CITY><POSTAL_CODE>100004</POSTAL_CODE><COUNTRY>CN</COUNTRY><CURR_DATE>23-06-2021</CURR_DATE>
</G_1>
<G_1>
<CUSTOMER_TRX_ID>300000076330652</CUSTOMER_TRX_ID><CREATION_DATE>2014-07-09T19:38:10.373+00:00</CREATION_DATE><TRX_NUMBER>10242</TRX_NUMBER><INVOICE_CURRENCY_CODE>CNY</INVOICE_CURRENCY_CODE><ORG_ID>300000047826657</ORG_ID><LOCATION_ID>300000047902582</LOCATION_ID><NAME>China Business Unit</NAME><CUST_ACCOUNT_ID>300000048196111</CUST_ACCOUNT_ID><ACCOUNT_NUMBER>32620</ACCOUNT_NUMBER><ACCOUNT_NAME>Gansu Tianshui Petro Group</ACCOUNT_NAME><C_CON>CN</C_CON><C_ADD>No 109 Binhai Rd</C_ADD><C_CITY>Lanzhou</C_CITY><C_CODE>730000</C_CODE><ADDRESS_LINE_1>朝阳路8号</ADDRESS_LINE_1><TOWN_OR_CITY>朝阳区</TOWN_OR_CITY><POSTAL_CODE>100004</POSTAL_CODE><COUNTRY>CN</COUNTRY><CURR_DATE>23-06-2021</CURR_DATE>
</G_1>
<G_1>
<CUSTOMER_TRX_ID>55890</CUSTOMER_TRX_ID><CREATION_DATE>2014-05-08T09:26:12.000+00:00</CREATION_DATE><TRX_NUMBER>1029064</TRX_NUMBER><INVOICE_CURRENCY_CODE>USD</INVOICE_CURRENCY_CODE><ORG_ID>300000046987012</ORG_ID><LOCATION_ID>300000047013170</LOCATION_ID><NAME>US1 Business Unit</NAME><CUST_ACCOUNT_ID>300000047394542</CUST_ACCOUNT_ID><ACCOUNT_NUMBER>10000</ACCOUNT_NUMBER><ACCOUNT_NAME>Owens &amp; Minor</ACCOUNT_NAME><C_CON>US</C_CON><C_ADD>4050 COX RD</C_ADD><C_CITY>Glen Allen</C_CITY><C_CODE>23060</C_CODE><ADDRESS_LINE_1>500 Oracle Parkway</ADDRESS_LINE_1><TOWN_OR_CITY>Redwood City</TOWN_OR_CITY><POSTAL_CODE>94065</POSTAL_CODE><COUNTRY>US</COUNTRY><CURR_DATE>23-06-2021</CURR_DATE>
</G_1>
<G_1>
<CUSTOMER_TRX_ID>55825</CUSTOMER_TRX_ID><CREATION_DATE>2014-05-08T09:26:12.000+00:00</CREATION_DATE><TRX_NUMBER>1029228</TRX_NUMBER><INVOICE_CURRENCY_CODE>USD</INVOICE_CURRENCY_CODE><ORG_ID>300000046987012</ORG_ID><LOCATION_ID>300000047013170</LOCATION_ID><NAME>US1 Business Unit</NAME><CUST_ACCOUNT_ID>300000047394542</CUST_ACCOUNT_ID><ACCOUNT_NUMBER>10000</ACCOUNT_NUMBER><ACCOUNT_NAME>Owens &amp; Minor</ACCOUNT_NAME><C_CON>US</C_CON><C_ADD>4050 COX RD</C_ADD><C_CITY>Glen Allen</C_CITY><C_CODE>23060</C_CODE><ADDRESS_LINE_1>500 Oracle Parkway</ADDRESS_LINE_1><TOWN_OR_CITY>Redwood City</TOWN_OR_CITY><POSTAL_CODE>94065</POSTAL_CODE><COUNTRY>US</COUNTRY><CURR_DATE>23-06-2021</CURR_DATE>
</G_1>
</DATA_DS>
